new_TaxonID,Order_linked_to_NCBI
Aspergillus_terreus,Eurotiales
Verticillium_longisporum,Glomerellales
Cladosporium_sphaerospermum,Capnodiales
Pyricularia_oryzae,Magnaporthales
Rachicladosporium_sp._CCFEE_5018,Capnodiales
Erysiphe_pisi,Erysiphales
Neocosmospora_phaseoli_NRRL_54364,Hypocreales
Monilinia_fructigena,Helotiales
Colletotrichum_godetiae,Glomerellales
Neocosmospora_phaseoli_NRRL_31757,Hypocreales
Aspergillus_parasiticus,Eurotiales
Neocosmospora_phaseoli_NRRL_34551,Hypocreales
Pseudogymnoascus_sp._VKM_F-3775,no_rank
Drechslerella_stenobrocha,Orbiliales
Cetradonia_linearis,Lecanorales
Cryomyces_antarcticus,no_rank
Pleosporales_sp._UM_1110_2012,Pleosporales
Magnaporthiopsis_poae,Magnaporthales
Madurella_mycetomatis,Sordariales
Cordyceps_confragosa,Hypocreales
Fusarium_circinatum,Hypocreales
Colletotrichum_acutatum,Glomerellales
Morchella_eximia,Pezizales
Lanzia_echinophila,Helotiales
Rutstroemia_sydowiana,Helotiales
Hymenoscyphus_salicellus,Helotiales
Colletotrichum_musae,Glomerellales
Pseudogymnoascus_sp._VKM_F-3557,no_rank
Neurospora_pannonica,Sordariales
Macrophomina_phaseolina,Botryosphaeriales
Clarireedia_homoeocarpa,Helotiales
Neocosmospora_phaseoli_NRRL_31157,Hypocreales
Pseudogymnoascus_sp._24MN13,no_rank
Cordyceps_sp._RAO-2017,Hypocreales
Chaetomium_cochliodes,Sordariales
Cladosporium_cladosporioides,Capnodiales
Emmonsia_sp._CAC-2015a,Onygenales
Pseudogymnoascus_sp._VKM_F-4246,no_rank
Neurospora_terricola,Sordariales
Magnaporthe_grisea,Magnaporthales
Pseudogymnoascus_sp._VKM_F-3808,no_rank
Neocosmospora_phaseoli_NRRL_31096,Hypocreales
Ramalina_peruviana,Lecanorales
Pseudogymnoascus_sp._VKM_F-4514_FW-929,no_rank
Gaeumannomyces_sp._JS-464,Magnaporthales
Trichoderma_longibrachiatum,Hypocreales
Pseudogymnoascus_sp._VKM_F-4513_FW-928,no_rank
Colletotrichum_sp._JS-367,Glomerellales
Morchella_septimelata,Pezizales
Cordyceps_farinosa,Hypocreales
Rutstroemia_sp._NJR-2017a_BVV2,Helotiales
Cladonia_uncialis,Lecanorales
Trichophyton_equinum,Onygenales
Pseudogymnoascus_sp._VKM_F-4281_FW-2241,no_rank
Penicillium_carneum,Eurotiales
Tuber_magnatum,Pezizales
Sporothrix_pallida,Ophiostomatales
Aspergillus_sclerotiorum,Eurotiales
Leptographium_procerum,Ophiostomatales
Chaetomium_globosum,Sordariales
Xylaria_longipes,Xylariales
Huntiella_omanensis,Microascales
Coniochaeta_hoffmannii,Coniochaetales
Ceratocystiopsis_brevicomis,Ophiostomatales
Cercospora_canescens,Capnodiales
Stagonosporopsis_tanaceti,Pleosporales
Pseudogymnoascus_sp._VKM_F-4520_FW-2644,no_rank
Juglanconis_juglandina,Diaporthales
Lasallia_pustulata,Umbilicariales
Phialophora_attae,Chaetothyriales
Neocosmospora_phaseoli_NRRL_31156,Hypocreales
Ilyonectria_mors-panacis,Hypocreales
Ascosphaera_apis,Onygenales
Cordyceps_militaris,Hypocreales
Hypoxylon_pulicicidum,Xylariales
Elaphomyces_granulatus,Eurotiales
Tuber_calosporum,Pezizales
Pseudogymnoascus_sp._04NY16,no_rank
Pseudogymnoascus_sp._VKM_F-4515_FW-2607,no_rank
Tuber_umbilicatum,Pezizales
Pseudogymnoascus_sp._VKM_F-4517_FW-2822,no_rank
Neurospora_sublineolata,Sordariales
Rutstroemia_sp._NJR-2017a_WRK4,Helotiales
Ophiognomonia_clavigignenti-juglandacearum,Diaporthales
Curvularia_papendorfii,Pleosporales
Colletotrichum_falcatum,Glomerellales
Xylaria_polymorpha,Xylariales
Pseudogymnoascus_sp._VKM_F-4518_FW-2643,no_rank
Kretzschmaria_deusta,Xylariales
Monascus_purpureus,Eurotiales
Talaromyces_marneffei,Eurotiales
Erysiphe_pulchra,Erysiphales
Pseudocercospora_musae,Capnodiales
Trichophyton_tonsurans,Onygenales
Ophiocordyceps_camponoti-rufipedis,Hypocreales
Cordyceps_pruinosa,Hypocreales
Ceratocystiopsis_minuta,Ophiostomatales
Trichoderma_pleuroti,Hypocreales
Ramularia_endophylla,Capnodiales
Tolypocladium_sp._Sup5_PDA-1,Hypocreales
Sporothrix_insectorum,Ophiostomatales
Colletotrichum_graminicola,Glomerellales
Knoxdaviesia_proteae,Microascales
Ophiocordyceps_sinensis,Hypocreales
Pseudogymnoascus_sp._VKM_F-4519_FW-2642,no_rank
Glonium_stellatum,no_rank
Magnaporthe_sp._MG03,Magnaporthales
Histoplasma_capsulatum,Onygenales
Scedosporium_aurantiacum,Microascales
Diplodia_scrobiculata,Botryosphaeriales
Escovopsis_sp._Ae720,Hypocreales
Tuber_melanosporum,Pezizales
Clohesyomyces_aquaticus,Pleosporales
Phyllosticta_citricarpa,Botryosphaeriales
Epichloë_brachyelytri,Hypocreales
Epichloë_gansuensis_var._inebrians,Hypocreales
Aciculosporium_take,Hypocreales
Uncinocarpus_reesii,Onygenales
Juglanconis_sp._DMW523,Diaporthales
Blastomyces_sp._MA-2018,Onygenales
Arthonia_radiata,Arthoniales
Hirsutella_minnesotensis,Hypocreales
Paramyrothecium_roridum,Hypocreales
Pseudogymnoascus_sp._BL549,no_rank
Pseudogymnoascus_sp._VKM_F-103,no_rank
Epichloë_sylvatica,Hypocreales
Cryphonectria_radicalis,Diaporthales
Pseudogymnoascus_sp._VKM_F-4516_FW-969,no_rank
Isaria_cicadae,Hypocreales
Fusarium_udum,Hypocreales
Penicillium_paneum,Eurotiales
Aspergillus_nomiae,Eurotiales
Cladonia_macilenta,Lecanorales
Sphaeropsis_sapinea,Botryosphaeriales
Phyllosticta_capitalensis,Botryosphaeriales
Tuber_borchii,Pezizales
Aspergillus_novofumigatus,Eurotiales
Ramalina_intermedia,Lecanorales
Leptoxyphium_fumago,Capnodiales
Penicillium_griseofulvum,Eurotiales
Claviceps_paspali,Hypocreales
Rutstroemia_sp._NJR-2017a_BBW,Helotiales
Pseudogymnoascus_sp._BL308,no_rank
Cladonia_metacorallifera,Lecanorales
Verruconis_gallopava,Venturiales
Trichophyton_interdigitale,Onygenales
Rhytidhysteron_rufulum,Hysteriales
Zymoseptoria_passerinii,Capnodiales
Chrysoporthe_austroafricana,Diaporthales
Xeromyces_bisporus,Eurotiales
Fulvia_fulva,Capnodiales
Pseudocercospora_pini-densiflorae,Capnodiales
Blumeria_graminis,Erysiphales
Trichoderma_citrinoviride,Hypocreales
Chrysoporthe_deuterocubensis,Diaporthales
Aspergillus_hancockii,Eurotiales
Botrytis_paeoniae,Helotiales
Daldinia_eschscholtzii,Xylariales
Colletotrichum_sansevieriae,Glomerellales
Cylindrocladium_naviculatum,Hypocreales
Pyronema_omphalodes,Pezizales
Aspergillus_arachidicola,Eurotiales
Blastomyces_percursus,Onygenales
Beauveria_pseudobassiana,Hypocreales
Hypocrella_siamensis,Hypocreales
Arthroderma_gypseum,Onygenales
Periglandula_ipomoeae,Hypocreales
Talaromyces_emersonii,Eurotiales
Aspergillus_turcosus,Eurotiales
Neocosmospora_solani,Hypocreales
Evernia_prunastri,Lecanorales
Umbilicaria_hispanica,Umbilicariales
Penicillium_sp._CF05,Eurotiales
Huntiella_savannae,Microascales
Xylaria_sp._MSU_SB201401,Xylariales
Ophiocordyceps_unilateralis,Hypocreales
Magnaporthe_sp._MG05,Magnaporthales
Gyalolechia_flavorubescens,Teloschistales
Trichoderma_virens,Hypocreales
Microsporum_canis,Onygenales
Fusarium_culmorum,Hypocreales
Endocarpon_pusillum,Verrucariales
Eutypa_lata,Xylariales
Articulospora_tetracladia,Helotiales
Helminthosporium_solani,Pleosporales
Aspergillus_rambellii,Eurotiales
Ciborinia_camelliae,Helotiales
Triangularia_anserina,Sordariales
Huntiella_moniliformis,Microascales
Dactylellina_haptotyla,Orbiliales
Trichophyton_mentagrophytes,Onygenales
Scedosporium_boydii,Microascales
Aspergillus_sp._MA_6037,Eurotiales
Scytalidium_lignicola,no_rank
Juglanconis_oblonga,Diaporthales
Nothophaeocryptopus_gaeumannii,Capnodiales
Ochroconis_constricta,Venturiales
Mycosphaerella_sp._PB-2012b,Capnodiales
Mycosphaerella_sp._Ston1,Capnodiales
Erysiphe_necator,Erysiphales
Bretziella_fagacearum,Microascales
Huntiella_decipiens,Microascales
Paracoccidioides_lutzii,Onygenales
Epichloë_amarillans,Hypocreales
Rhinocladiella_mackenziei,Chaetothyriales
Microcyclospora_tardicrescens,Capnodiales
Byssoonygena_ceratinophila,Onygenales
Magnaporthe_sp._MG07,Magnaporthales
Thielaviopsis_musarum,Microascales
Neurospora_africana,Sordariales
Monilinia_laxa,Helotiales
Exophiala_dermatitidis,Chaetothyriales
Aquanectria_penicillioides,Hypocreales
Tolypocladium_paradoxum,Hypocreales
Scedosporium_prolificans,Microascales
Acidomyces_richmondensis,Capnodiales
Venturia_effusa,Venturiales
Huntiella_bhutanensis,Microascales
Aspergillus_bombycis,Eurotiales
Fusarium_sp._FSSC_6,Hypocreales
Scedosporium_dehoogii,Microascales
Knufia_petricola,Chaetothyriales
Knoxdaviesia_capensis,Microascales
Aspergillus_persii,Eurotiales
Scedosporium_apiospermum,Microascales
Eurotiomycetes_sp._MA_6039,no_rank
Pseudevernia_furfuracea,Lecanorales
Trichophyton_verrucosum,Onygenales
Neonectria_punicea,Hypocreales
Trichoderma_arundinaceum,Hypocreales
Aspergillus_ustus,Eurotiales
Cyphellophora_europaea,Chaetothyriales
Magnaporthe_sp._MG12,Magnaporthales
Verticillium_dahliae,Glomerellales
Exutisphaerella_laricina,Capnodiales
Dothistroma_pini,Capnodiales
Eurotiomycetes_sp._MA_6038,no_rank
Balansia_obtecta,Hypocreales
Umbilicaria_muehlenbergii,Umbilicariales
Xylaria_sp._JS573,Xylariales
Ceratocystis_platani,Microascales
Eurotiomycetes_sp.,no_rank
Ophiocordyceps_polyrhachis-furcata,Hypocreales
Stenocarpella_maydis,Diaporthales
Hawksworthiomyces_lignivorus,Ophiostomatales
Emmonsia_crescens,Onygenales
Pyricularia_pennisetigena,Magnaporthales
Ceratocystis_manginecans,Microascales
Ophidiomyces_ophiodiicola,Onygenales
Talaromyces_purpureogenus,Eurotiales
Aspergillus_pseudoterreus,Eurotiales
Trichoderma_brevicompactum,Hypocreales
Esteya_vermicola,Ophiostomatales
Ophiocordyceps_sp._camponoti-leonardi,Hypocreales
Parastagonospora_nodorum,Pleosporales
Hysterium_pulicare,Hysteriales
Davidsoniella_virescens,Microascales
Metarhizium_guizhouense,Hypocreales
Aspergillus_carbonarius,Eurotiales
Chlorociboria_aeruginascens,Helotiales
Neofusicoccum_parvum,Botryosphaeriales
Preussia_sp._BSL10,Pleosporales
Blastomyces_gilchristii,Onygenales
Ustilaginoidea_virens,Hypocreales
Magnaporthe_sp._MG08,Magnaporthales
Endoconidiophora_laricicola,Microascales
Hymenoscyphus_fraxineus,Helotiales
Escovopsis_sp._TC,Hypocreales
Arthrobotrys_oligosporus,Orbiliales
Tolypocladium_ophioglossoides,Hypocreales
Graphilbum_fragrans,Ophiostomatales
Talaromyces_cellulolyticus,Eurotiales
Epichloe_typhina,Hypocreales
Claviceps_fusiformis,Hypocreales
Ceratocystis_eucalypticola,Microascales
Ophiocordyceps_sp._camponoti-saundersi,Hypocreales
Fonsecaea_nubica,Chaetothyriales
Ceratocystis_harringtonii,Microascales
Thielaviopsis_thielavioides,Microascales
Nectria_sp._B-13,Hypocreales
Metarhizium_robertsii,Hypocreales
Cladosporium_sp._SL-16,Capnodiales
Byssochlamys_spectabilis,Eurotiales
Tolypocladium_capitatum,Hypocreales
Exophiala_spinifera,Chaetothyriales
Elsinoë_australis,Myriangiales
Exophiala_xenobiotica,Chaetothyriales
Venturia_pyrina,Venturiales
Escovopsis_sp._AC,Hypocreales
Cylindrocladium_leucothoës,Hypocreales
Periconia_macrospinosa,Pleosporales
Penicillium_occitanis,Eurotiales
Epichloë_baconii,Hypocreales
Pseudohalonectria_lignicola,Magnaporthales
Emergomyces_pasteurianus,Onygenales
Peltaster_fructicola,no_rank
Blastomyces_parvus,Onygenales
Leptosphaeria_maculans,Pleosporales
Cercospora_cf._sigesbeckiae,Capnodiales
Myriosclerotinia_duriaeana,Helotiales
Sphaerulina_populicola,Capnodiales
Fonsecaea_pedrosoi,Chaetothyriales
Endoconidiophora_polonica,Microascales
Herpotrichiellaceae_sp._UM238,Chaetothyriales
Ambrosiella_xylebori,Microascales
Metarhizium_majus,Hypocreales
Diaporthe_ampelina,Diaporthales
Aspergillus_sp._Z5,Eurotiales
Cephalotheca_purpurea,Ophiostomatales
Metarhizium_acridum,Hypocreales
Aspergillus_ellipticus,Eurotiales
Symbiotaphrina_buchneri,Symbiotaphrinales
Hymenoscyphus_scutula,Helotiales
Aspergillus_tanneri,Eurotiales
Epichloë_festucae,Hypocreales
Moelleriella_libera,Hypocreales
Didymobotryum_rigidum,no_rank
Diaporthe_aspalathi,Diaporthales
Cordyceps_fumosorosea,Hypocreales
Curvularia_lunata,Pleosporales
Beauveria_rudraprayagi,Hypocreales
Thielaviopsis_radicicola,Microascales
Cladophialophora_immunda,Chaetothyriales
Myriosclerotinia_scirpicola,Helotiales
Exophiala_oligosperma,Chaetothyriales
Epichloë_elymi,Hypocreales
Fusarium_fracticaudum,Hypocreales
Aspergillus_oryzae,Eurotiales
Phialocephala_subalpina,Helotiales
Pseudogymnoascus_sp._23342-1-I1,no_rank
Tolypocladium_inflatum,Hypocreales
Raffaelea_arxii,Ophiostomatales
Cordyceps_tenuipes,Hypocreales
Raffaelea_ambrosiae,Ophiostomatales
Aspergillus_heteromorphus,Eurotiales
Trichophyton_violaceum_CBS_452.61,Onygenales
Cairneyella_variabilis,Helotiales
Emergomyces_orientalis,Onygenales
Cenococcum_geophilum,no_rank
Exophiala_aquamarina,Chaetothyriales
Phaeomoniella_chlamydospora,Phaeomoniellales
Beauveria_bassiana,Hypocreales
Ceratocystis_cacaofunesta,Microascales
Sordaria_macrospora,Sordariales
Hypoxylon_sp._EC38,Xylariales
Cladophialophora_psammophila,Chaetothyriales
Alternaria_alternata,Pleosporales
Fonsecaea_erecta,Chaetothyriales
Ceratocystis_fimbriata,Microascales
Aureobasidium_sp._FSWF8-4,Dothideales
Phialophora_americana,Chaetothyriales
Fonsecaea_monophora,Chaetothyriales
Paracoccidioides_brasiliensis,Onygenales
Ophiostoma_penicillatum,Ophiostomatales
Phialophora_verrucosa,Chaetothyriales
Cladophialophora_bantiana,Chaetothyriales
Penicillium_sp._MA_6040,Eurotiales
Metarhizium_anisopliae,Hypocreales
Pezicula_radicicola,Helotiales
Phomopsis_longicolla,Diaporthales
Pseudogymnoascus_destructans,no_rank
Fusarium_langsethiae,Hypocreales
Thielaviopsis_euricoi,Microascales
Blastomyces_dermatitidis,Onygenales
Microcyclospora_pomicola,Capnodiales
Fusarium_sp._JS626,Hypocreales
Venturia_inaequalis,Venturiales
Grosmannia_clavigera,Ophiostomatales
Capronia_epimyces,Chaetothyriales
Exserohilum_turcicum,Pleosporales
Ceratocystis_albifundus,Microascales
Catunica_adiposa,Microascales
Talaromyces_adpressus,Eurotiales
Penicillium_capsulatum,Eurotiales
Neonectria_hederae,Hypocreales
Penicillium_freii,Eurotiales
Trichophyton_benhamiae,Onygenales
Raffaelea_lauricola,Ophiostomatales
Epichloë_aotearoae,Hypocreales
Penicillium_paxilli,Eurotiales
Sarocladium_oryzae,Hypocreales
Trichothecium_roseum,Hypocreales
Leptographium_lundbergii,Ophiostomatales
Penicillium_simplicissimum,Eurotiales
Gaeumannomyces_tritici,Magnaporthales
Neoscytalidium_dimidiatum,Botryosphaeriales
Byssochlamys_sp._BYSS01,Eurotiales
Cladophialophora_yegresii,Chaetothyriales
Plenodomus_biglobosus,Pleosporales
Raffaelea_quercus-mongolicae,Ophiostomatales
Exophiala_sideris,Chaetothyriales
Venturia_carpophila,Venturiales
Ophiocordyceps_australis,Hypocreales
Ilyonectria_destructans,Hypocreales
Talaromyces_wortmannii,Eurotiales
Oidiodendron_maius,no_rank
Aspergillus_flavus,Eurotiales
Penicillium_sclerotiorum,Eurotiales
Talaromyces_piceae,Eurotiales
Fusarium_algeriense,Hypocreales
Epichloë_bromicola,Hypocreales
Pseudonectria_foliicola,Hypocreales
Raffaelea_quercivora,Ophiostomatales
Thielaviopsis_ethacetica,Microascales
Graphium_calicioides,Chaetothyriales
Penicillium_roqueforti,Eurotiales
Sphaceloma_murrayae,Myriangiales
Chrysoporthe_cubensis,Diaporthales
Fonsecaea_multimorphosa,Chaetothyriales
Escovopsis_sp._Ae724,Hypocreales
Calonectria_pseudoreteaudii,Hypocreales
Pseudogymnoascus_pannorum,no_rank
Aspergillus_versicolor,Eurotiales
Byssochlamys_sp._AF001,Eurotiales
Aspergillus_udagawae,Eurotiales
Penicillium_pinophilum,Eurotiales
Aspergillus_fijiensis,Eurotiales
Aspergillus_westerdijkiae,Eurotiales
Aspergillus_candidus,Eurotiales
Aspergillus_campestris,Eurotiales
Penicillium_islandicum,Eurotiales
Pseudogymnoascus_sp._03VT05,no_rank
Spicellum_ovalisporum,Hypocreales
Pseudogymnoascus_sp._05NY08,no_rank
Penicillium_verrucosum,Eurotiales
Falciphora_oryzae,Magnaporthales
Lecanosticta_acicola,Capnodiales
Magnaporthiopsis_incrustans,Magnaporthales
Epichloe_glyceriae,Hypocreales
Chrysosporium_queenslandicum,Onygenales
Dematophora_necatrix,Xylariales
Hirsutella_thompsonii,Hypocreales
Trichoderma_parareesei,Hypocreales
Colletotrichum_lindemuthianum,Glomerellales
Exophiala_mesophila,Chaetothyriales
Ramularia_collo-cygni,Capnodiales
Zymoseptoria_ardabiliae,Capnodiales
Sphaerulina_musiva,Capnodiales
Marssonina_coronariae,Helotiales
Gamarada_debralockiae,Helotiales
Penicillium_italicum,Eurotiales
Pochonia_chlamydosporia,Hypocreales
Neonectria_ditissima,Hypocreales
Zasmidium_citri-griseum,Capnodiales
Aspergillus_violaceofuscus,Eurotiales
Penicillium_commune,Eurotiales
Lecanicillium_fungicola,Hypocreales
Aspergillus_sydowii,Eurotiales
Aspergillus_sclerotiicarbonarius,Eurotiales
Aspergillus_homomorphus,Eurotiales
Lecanicillium_psalliotae,Hypocreales
Penicillium_sp._HKF2,Eurotiales
Raffaelea_sp._RL272,Ophiostomatales
Aspergillus_glaucus,Eurotiales
Thermothielavioides_terrestris,Sordariales
Sarocladium_strictum,Hypocreales
Aspergillus_sclerotioniger,Eurotiales
Amauroascus_niger,Onygenales
Pseudomassariella_vexata,Xylariales
Escovopsis_sp._Ae733,Hypocreales
Onygena_corvina,Onygenales
Lepidopterella_palustris,Mytilinidiales
Cercospora_zeina,Capnodiales
Cladophialophora_carrionii,Chaetothyriales
Aspergillus_mulundensis,Eurotiales
Neocosmospora_euwallaceae,Hypocreales
Tolypocladium_sp._Salcha_MEA-2,Hypocreales
Aspergillus_sojae,Eurotiales
Penicillium_chrysogenum,Eurotiales
Aspergillus_aculeatinus,Eurotiales
Pseudogymnoascus_sp._WSF_3629,no_rank
Aspergillus_steynii,Eurotiales
Aspergillus_calidoustus,Eurotiales
Aspergillus_tubingensis,Eurotiales
Hymenoscyphus_herbarum,Helotiales
Raffaelea_albimanens,Ophiostomatales
Aspergillus_indologenus,Eurotiales
Aspergillus_japonicus_CBS_621.78,Eurotiales
Penicillium_sp._MA_6036,Eurotiales
Fusarium_beomiforme,Hypocreales
Metarhizium_album,Hypocreales
Penicillium_antarcticum,Eurotiales
Hyaloscypha_bicolor,Helotiales
Sporothrix_globosa,Ophiostomatales
Helicocarpus_griseus,Onygenales
Glarea_lozoyensis,Helotiales
Corinectria_fuckeliana,Hypocreales
Coccidioides_immitis,Onygenales
Monascus_ruber,Eurotiales
Nakataea_oryzae,Magnaporthales
Ramichloridium_luteum,Capnodiales
Mycosphaerella_arachidis,Capnodiales
Baudoinia_panamericana,Capnodiales
Fusarium_pininemorale,Hypocreales
Talaromyces_verruculosus,Eurotiales
Penicillium_rubens,Eurotiales
Memnoniella_echinata,Hypocreales
Neosartorya_fischeri,Eurotiales
Aspergillus_taichungensis,Eurotiales
Talaromyces_stipitatus,Eurotiales
Fusarium_sp._FIESC_12,Hypocreales
Ascocoryne_sarcoides,Helotiales
Trichophyton_violaceum_CMCCFT3l,Onygenales
Aspergillus_ibericus,Eurotiales
Claviceps_purpurea,Hypocreales
Aspergillus_lentulus,Eurotiales
Bipolaris_victoriae,Pleosporales
Coniella_lustricola,Diaporthales
Curvularia_geniculata,Pleosporales
Eurotium_rubrum,Eurotiales
Aspergillus_saccharolyticus,Eurotiales
Sporothrix_schenckii,Ophiostomatales
Amauroascus_mutatus,Onygenales
Aureobasidium_pullulans,Dothideales
Epichloe_sp._AL9924,Hypocreales
Pseudogymnoascus_verrucosus,no_rank
Coccidioides_posadasii,Onygenales
Capronia_coronata,Chaetothyriales
Myriosclerotinia_curreyana,Helotiales
Pseudocercospora_fijiensis,Capnodiales
Fusarium_sp._JS1030,Hypocreales
Aspergillus_aculeatus,Eurotiales
Metarhizium_rileyi,Hypocreales
Paecilomyces_hepiali,Hypocreales
Penicillium_citrinum,Eurotiales
Lasiodiplodia_theobromae,Botryosphaeriales
Aspergillus_eucalypticola,Eurotiales
Aspergillus_kawachii,Eurotiales
Aspergillus_lacticoffeatus,Eurotiales
Talaromyces_amestolkiae,Eurotiales
Penicillium_camemberti_FM169,Eurotiales
Spicellum_roseum,Hypocreales
Pseudopyrenochaeta_lycopersici,Pleosporales
Clonostachys_rosea,Hypocreales
Penicillium_polonicum,Eurotiales
Cercospora_sojina,Capnodiales
Eurotium_cristatum,Eurotiales
Aspergillus_vadensis,Eurotiales
Sporothrix_brasiliensis,Ophiostomatales
Beverwykella_pulmonaria,Pleosporales
Malbranchea_cinnamomea,Onygenales
Nigrograna_mackinnonii,Pleosporales
Cercospora_beticola,Capnodiales
Pyrenophora_tritici-repentis,Pleosporales
Ophioceras_dolichostomum,Magnaporthales
Zasmidium_angulare,Capnodiales
Furcasterigmium_furcatum,Glomerellales
Escovopsis_weberi,Hypocreales
Pyrenochaeta_sp._DS3sAY3a,Pleosporales
Dothistroma_septosporum,Capnodiales
Mycosphaerelloides_madeirae,Capnodiales
Aspergillus_niger_CBS_139.54b,Eurotiales
Metarhizium_brunneum,Hypocreales
Phialophora_cf._hyalina_BP_5553,no_rank
Penicillium_vulpinum,Eurotiales
Fusarium_burgessii,Hypocreales
Aspergillus_foetidus,Eurotiales
Penicillium_coprophilum,Eurotiales
Curvularia_sp._IFB-Z10,Pleosporales
Diplodia_seriata,Botryosphaeriales
Penicillium_nordicum,Eurotiales
Paraphaeosphaeria_sporulosa,Pleosporales
Trichophyton_rubrum,Onygenales
Microcyclosporella_mali,Capnodiales
Thermomyces_lanuginosus,Eurotiales
Cordyceps_brongniartii,Hypocreales
Hymenoscyphus_fructigenus,Helotiales
Hymenoscyphus_repandus,Helotiales
Fusarium_agapanthi,Hypocreales
Cercospora_physalidis,Capnodiales
Colletotrichum_nymphaeae,Glomerellales
Daldinia_sp._EC12,Xylariales
Zymoseptoria_pseudotritici,Capnodiales
Verticillium_nonalfalfae,Glomerellales
Exophiala_alcalophila,Chaetothyriales
Colletotrichum_lentis,Glomerellales
Penicillium_nalgiovense,Eurotiales
Reticulascus_tulasneorum,Glomerellales
Penicillium_flavigenum,Eurotiales
Aspergillus_japonicus_CBS114.51,Eurotiales
Byssochlamys_nivea,Eurotiales
Penicillium_camemberti_FM013,Eurotiales
Aspergillus_piperis,Eurotiales
Coleophoma_crateriformis,Helotiales
Aspergillus_phoenicis,Eurotiales
Phaeoacremonium_minimum,Togniniales
Penicillium_solitum,Eurotiales
Pestalotiopsis_sp._JCM_9685,Xylariales
Eurotium_chevalieri,Eurotiales
Ascochyta_rabiei,Pleosporales
Cytospora_mali,Diaporthales
Diplodia_corticola,Botryosphaeriales
Paraphoma_sp._B47-9,Pleosporales
Aureobasidium_subglaciale,Dothideales
Pseudocercospora_eumusae,Capnodiales
Bipolaris_zeicola,Pleosporales
Drechmeria_coniospora,Hypocreales
Hymenoscyphus_infarciens,Helotiales
Raffaelea_sulphurea,Ophiostomatales
Atkinsonella_texensis,Hypocreales
Ceratocystis_montium,Ophiostomatales
Colletotrichum_salicis,Glomerellales
Albophoma_yamanashiensis,no_rank
Cadophora_sp._DSE1049,Helotiales
Aspergillus_brasiliensis,Eurotiales
Dactylonectria_macrodidyma,Hypocreales
Hyaloscypha_variabilis,Helotiales
Aspergillus_uvarum,Eurotiales
Torrubiella_hemipterigena,Hypocreales
Aspergillus_niger_ATCC_13496,Eurotiales
Xylona_heveae,Xylonales
Phialocephala_scopiformis,Helotiales
Ophiostoma_piceae,Ophiostomatales
Pestalotiopsis_fici,Xylariales
Penicilliopsis_zonata,Eurotiales
Talaromyces_borbonicus,Eurotiales
Fusarium_chlamydosporum,Hypocreales
Penicillium_digitatum,Eurotiales
Diaporthe_helianthi,Diaporthales
Bipolaris_maydis,Pleosporales
Colletotrichum_simmondsii,Glomerellales
Phoma_herbarum,Pleosporales
Rhynchosporium_secalis,Helotiales
Fusarium_longipes,Hypocreales
Sclerotinia_borealis,Helotiales
Fusarium_avenaceum,Hypocreales
Coleophoma_cylindrospora,Helotiales
Neocosmospora_haematococca,Hypocreales
Acremonium_tumulicola,Hypocreales
Fusarium_fujikuroi,Hypocreales
Botryosphaeria_dothidea,Botryosphaeriales
Colletotrichum_fructicola,Glomerellales
Aspergillus_neoniger,Eurotiales
Penicillium_decumbens,Eurotiales
Aspergillus_costaricaensis,Eurotiales
Aspergillus_wentii,Eurotiales
Amorphotheca_resinae,no_rank
Fusarium_sp._Na10,Hypocreales
Colletotrichum_chlorophyti,Glomerellales
Hyaloscypha_hepaticicola,Helotiales
Microdochium_bolleyi,Xylariales
Penicillium_arizonense,Eurotiales
Alternaria_consortialis,Pleosporales
Lecanicillium_sp._LEC01,Hypocreales
Penicillium_oxalicum,Eurotiales
Colletotrichum_sublineola,Glomerellales
Aureobasidium_namibiae,Dothideales
Corynespora_cassiicola,Pleosporales
Hypoxylon_sp._CO27-5,Xylariales
Fusarium_graminearum,Hypocreales
Magnaporthiopsis_rhizophila,Magnaporthales
Aspergillus_nidulans,Eurotiales
Talaromyces_leycettanus,Eurotiales
Epicoccum_nigrum,Pleosporales
Aspergillus_ochraceoroseus,Eurotiales
Pyrenophora_teres,Pleosporales
Aureobasidium_melanogenum,Dothideales
Zymoseptoria_tritici,Capnodiales
Calonectria_pseudonaviculata,Hypocreales
Fusarium_commune,Hypocreales
Fusarium_nygamai,Hypocreales
Trichoderma_hamatum,Hypocreales
Helotiales_sp._F229,Helotiales
Stemphylium_lycopersici,Pleosporales
Trichoderma_atroviride,Hypocreales
Fusarium_mangiferae,Hypocreales
Talaromyces_atroroseus,Eurotiales
Fusarium_tricinctum,Hypocreales
Penicillium_subrubescens,Eurotiales
Stagonospora_sp._SRC1lsM3a,Pleosporales
Thermoascus_crustaceus,Eurotiales
Lecanicillium_sp._MT-2017a,Hypocreales
Atkinsonella_hypoxylon,Hypocreales
Alternaria_brassicicola,Pleosporales
Monilinia_polystroma,Helotiales
Annulohypoxylon_stygium,Xylariales
Monilinia_aucupariae,Helotiales
Cercospora_berteroae,Capnodiales
Polytolypa_hystricis,Onygenales
Chaetomium_thermophilum,Sordariales
Zymoseptoria_brevis,Capnodiales
Fusarium_oxysporum,Hypocreales
Fusarium_proliferatum,Hypocreales
Fusarium_sambucinum,Hypocreales
Pyrenophora_seminiperda,Pleosporales
Penicillium_brasilianum,Eurotiales
Fusarium_poae,Hypocreales
Colletotrichum_truncatum,Glomerellales
Geosmithia_morbida,Hypocreales
Penicillium_expansum,Eurotiales
Fusarium_venenatum,Hypocreales
Fusarium_verticillioides,Hypocreales
Aspergillus_fumigatus_Af293,Eurotiales
Fusarium_meridionale,Hypocreales
Aspergillus_clavatus,Eurotiales
Aspergillus_awamori,Eurotiales
Colletotrichum_higginsianum,Glomerellales
Trichoderma_harzianum,Hypocreales
Hypoxylon_sp._E7406B,Xylariales
Coniochaeta_ligniaria,Coniochaetales
Penicillium_steckii,Eurotiales
Colletotrichum_coccodes,Glomerellales
Trichoderma_gamsii,Hypocreales
Shiraia_sp._slf14,Pleosporales
Bipolaris_cookei,Pleosporales
Alternaria_arborescens,Pleosporales
Pyrenochaeta_sp._UM_256,Pleosporales
Aspergillus_fumigatus_NRRL_5109,Eurotiales
Hymenoscyphus_linearis,Helotiales
Rhynchosporium_agropyri,Helotiales
Sclerotinia_glacialis,Helotiales
Thermothelomyces_thermophila,Sordariales
Colletotrichum_fioriniae,Glomerellales
Stachybotrys_chlorohalonata,Hypocreales
Fusarium_hostae,Hypocreales
Trichoderma_guizhouense,Hypocreales
Fusarium_equiseti,Hypocreales
Trichoderma_koningiopsis,Hypocreales
Purpureocillium_lilacinum,Hypocreales
Fusarium_praegraminearum,Hypocreales
Ophiostoma_novo-ulmi,Ophiostomatales
Colletotrichum_gloeosporioides,Glomerellales
Fusarium_asiaticum,Hypocreales
Bipolaris_oryzae,Pleosporales
Colletotrichum_orchidophilum,Glomerellales
Botrytis_cinerea,Helotiales
Monilinia_fructicola,Helotiales
Rhynchosporium_graminicola,Helotiales
Epicoccum_sorghinum,Pleosporales
Trichoderma_asperellum,Hypocreales
Fusarium_temperatum,Hypocreales
Sclerotinia_sclerotiorum,Helotiales
Verticillium_albo-atrum,Glomerellales
Stachybotrys_chartarum,Hypocreales
Alternaria_solani,Pleosporales
Coniosporium_apollinis,no_rank
Cadophora_malorum,Helotiales
Colletotrichum_orbiculare,Glomerellales
Fusarium_sp._FIESC_28,Hypocreales
Marssonina_brunnea,Helotiales
Geosmithia_flava,Hypocreales
Bipolaris_sorokiniana,Pleosporales
Hypoxylon_sp._CI-4A,Xylariales
Acremonium_chrysogenum,Hypocreales
Trichoderma_reesei,Hypocreales
Fusarium_pseudograminearum,Hypocreales
Colletotrichum_incanum,Glomerellales
Verticillium_klebahnii,Glomerellales
Verticillium_isaacii,Glomerellales
Verticillium_nubilum,Glomerellales
Trichoderma_koningii,Hypocreales
Geosmithia_putterillii,Hypocreales
Verticillium_tricorpus,Glomerellales
Neurospora_crassa,Sordariales
Verticillium_alfalfae,Glomerellales
Colletotrichum_tofieldiae,Glomerellales
Neurospora_tetrasperma,Sordariales
Verticillium_zaregamsianum,Glomerellales
Aciculoconidium_aculeatum,Saccharomycetales
Alloascoidea_hylecoeti,Saccharomycetales
Ambrosiozyma_platypodis,Saccharomycetales
Ambrosiozyma_kashinagacola,Saccharomycetales
Ambrosiozyma_maleeae,Saccharomycetales
Ambrosiozyma_monospora,Saccharomycetales
Ambrosiozyma_oregonensis,Saccharomycetales
Ambrosiozyma_philentoma,Saccharomycetales
Ambrosiozyma_pseudovanderkliftii,Saccharomycetales
Ambrosiozyma_vanderkliftii,Saccharomycetales
Ascoidea_asiatica,Saccharomycetales
Ascoidea_rubescens,Saccharomycetales
Ashbya_aceri,Saccharomycetales
Babjeviella_inositovora,Saccharomycetales
Barnettozyma_californica,Saccharomycetales
Barnettozyma_hawaiiensis,Saccharomycetales
Barnettozyma_populi,Saccharomycetales
Barnettozyma_pratensis,Saccharomycetales
Barnettozyma_salicaria,Saccharomycetales
Blastobotrys_adeninivorans,Saccharomycetales
Blastobotrys_americanus,Saccharomycetales
Blastobotrys_mokoenaii,Saccharomycetales
Blastobotrys_muscicola,Saccharomycetales
Blastobotrys_nivea,Saccharomycetales
Blastobotrys_peoriensis,Saccharomycetales
Blastobotrys_proliferans,Saccharomycetales
Blastobotrys_raffinosifermentans,Saccharomycetales
Blastobotrys_serpentis,Saccharomycetales
Botryozyma_nematodophila,Saccharomycetales
Dekkera_anomala,Saccharomycetales
Dekkera_bruxellensis,Saccharomycetales
Brettanomyces_custersianus,Saccharomycetales
Candida_albicans,Saccharomycetales
Candida_arabinofermentans,Saccharomycetales
Candida_ascalaphidarum,Saccharomycetales
Meyerozyma_athensensis,Saccharomycetales
Candida_auris,Saccharomycetales
Candida_blattae,Saccharomycetales
Candida_boidinii,Saccharomycetales
Candida_bracarensis,Saccharomycetales
Meyerozyma_carpophila,Saccharomycetales
Candida_castellii,Saccharomycetales
Candida_corydali,Saccharomycetales
Candida_dubliniensis,Saccharomycetales
Kurtzmaniella_fragi,Saccharomycetales
Candida_freyschussii,Saccharomycetales
Clavispora_fructus,Saccharomycetales
Candida_glabrata,Saccharomycetales
Candida_golubevii,Saccharomycetales
Candida_gorgasii,Saccharomycetales
Hyphopichia_gotoi,Saccharomycetales
Metschnikowia_hawaiiana,Saccharomycetales
Candida_heveicola,Saccharomycetales
Candida_hispaniensis,Saccharomycetales
Candida_incommunis,Saccharomycetales
Candida_intermedia,Saccharomycetales
Candida_montana,Saccharomycetales
Candida_mycetangii,Saccharomycetales
Candida_nivariensis,Saccharomycetales
Candida_orba,Saccharomycetales
Candida_oregonensis,Saccharomycetales
Candida_orthopsilosis,Saccharomycetales
Candida_parapsilosis,Saccharomycetales
Candida_ponderosae,Saccharomycetales
Candida_restingae,Saccharomycetales
Hyphopichia_rhagii,Saccharomycetales
Candida_schatavii,Saccharomycetales
Candida_sojae,Saccharomycetales
Candida_sorboxylosa,Saccharomycetales
Starmera_stellimalicola,Saccharomycetales
Candida_succiphila,Saccharomycetales
Candida_tammaniensis,Saccharomycetales
Candida_tropicalis,Saccharomycetales
Candida_vartiovaarae,Saccharomycetales
Candida_wancherniae,Saccharomycetales
Cephaloascus_albidus,Saccharomycetales
Cephaloascus_fragrans,Saccharomycetales
Citeromyces_hawaiiensis,Saccharomycetales
Citeromyces_matritensis,Saccharomycetales
Citeromyces_siamensis,Saccharomycetales
Clavispora_lusitaniae,Saccharomycetales
Cyberlindnera_americana,Saccharomycetales
Cyberlindnera_fabianii,Saccharomycetales
Cyberlindnera_jadinii,Saccharomycetales
Cyberlindnera_maclurae,Saccharomycetales
Cyberlindnera_misumaiensis,Saccharomycetales
Cyberlindnera_mrakii,Saccharomycetales
Cyberlindnera_petersonii,Saccharomycetales
Cyberlindnera_saturnus,Saccharomycetales
Cyberlindnera_suaveolens,Saccharomycetales
Cyberlindnera_xylosilytica,Saccharomycetales
Danielozyma_ontarioensis,Saccharomycetales
Deakozyma_indianensis,Saccharomycetales
Debaryomyces_fabryi,Saccharomycetales
Debaryomyces_hansenii,Saccharomycetales
Debaryomyces_maramus,Saccharomycetales
Debaryomyces_nepalensis,Saccharomycetales
Debaryomyces_prosopidis,Saccharomycetales
Debaryomyces_subglobosus,Saccharomycetales
Diddensiella_caesifluorescens,Saccharomycetales
Dipodascus_albidus,Saccharomycetales
Dipodascus_geniculatus,Saccharomycetales
Eremothecium_coryli,Saccharomycetales
Eremothecium_cymbalariae,Saccharomycetales
Eremothecium_gossypii,Saccharomycetales
Eremothecium_sinecaudum,Saccharomycetales
Galactomyces_candidus,Saccharomycetales
Groenewaldozyma_salmanticensis,Saccharomycetales
Hanseniaspora_clermontiae,Saccharomycetales
Hanseniaspora_osmophila,Saccharomycetales
Hanseniaspora_pseudoguilliermondii,Saccharomycetales
Hanseniaspora_singularis,Saccharomycetales
Hanseniaspora_uvarum,Saccharomycetales
Hanseniaspora_valbyensis,Saccharomycetales
Hanseniaspora_vineae,Saccharomycetales
Hyphopichia_burtonii,Saccharomycetales
Hyphopichia_heimii,Saccharomycetales
Hyphopichia_homilentoma,Saccharomycetales
Kazachstania_aerobia,Saccharomycetales
Kazachstania_africana,Saccharomycetales
Kazachstania_bromeliacearum,Saccharomycetales
Kazachstania_intestinalis,Saccharomycetales
Kazachstania_kunashirensis,Saccharomycetales
Kazachstania_martiniae,Saccharomycetales
Kazachstania_naganishii,Saccharomycetales
Kazachstania_rosinii,Saccharomycetales
Kazachstania_siamensis,Saccharomycetales
Kazachstania_solicola,Saccharomycetales
Kazachstania_spencerorum,Saccharomycetales
Kazachstania_taianensis,Saccharomycetales
Kazachstania_transvaalensis,Saccharomycetales
Kazachstania_turicensis,Saccharomycetales
Kazachstania_unispora,Saccharomycetales
Kazachstania_viticola,Saccharomycetales
Kazachstania_yakushimaensis,Saccharomycetales
Hanseniaspora_hatyaiensis,Saccharomycetales
Kluyveromyces_aestuarii,Saccharomycetales
Kluyveromyces_dobzhanskii,Saccharomycetales
Kluyveromyces_lactis,Saccharomycetales
Kluyveromyces_marxianus,Saccharomycetales
Kodamaea_laetipori,Saccharomycetales
Kodamaea_ohmeri,Saccharomycetales
Komagataella_phaffii,Saccharomycetales
Komagataella_populi,Saccharomycetales
Komagataella_pseudopastoris,Saccharomycetales
Kregervanrija_delftensis,Saccharomycetales
Kregervanrija_fluxuum,Saccharomycetales
Kuraishia_capsulata,Saccharomycetales
Kuraishia_molischiana,Saccharomycetales
Kuraishia_ogatae,Saccharomycetales
Kurtzmaniella_cleridarum,Saccharomycetales
Lachancea_cidri,Saccharomycetales
Lachancea_dasiensis,Saccharomycetales
Lachancea_fantastica_nom_nud,Saccharomycetales
Lachancea_fermentati,Saccharomycetales
Lachancea_kluyveri,Saccharomycetales
Lachancea_lanzarotensis,Saccharomycetales
Lachancea_meyersii,Saccharomycetales
Lachancea_mirantina,Saccharomycetales
Lachancea_nothofagi,Saccharomycetales
Lachancea_quebecensis,Saccharomycetales
Lachancea_thermotolerans,Saccharomycetales
Lachancea_waltii,Saccharomycetales
Lipomyces_arxii,Saccharomycetales
Lipomyces_doorenjongii,Saccharomycetales
Lipomyces_japonicus,Saccharomycetales
Lipomyces_kononenkoae,Saccharomycetales
Lipomyces_lipofer,Saccharomycetales
Lipomyces_mesembrius,Saccharomycetales
Lipomyces_oligophaga,Saccharomycetales
Lipomyces_starkeyi,Saccharomycetales
Lipomyces_suomiensis,Saccharomycetales
Lodderomyces_elongisporus,Saccharomycetales
Magnusiomyces_tetraspermus,Saccharomycetales
Martiniozyma_abiesophila,Saccharomycetales
Metschnikowia_aberdeeniae,Saccharomycetales
Metschnikowia_arizonensis,Saccharomycetales
Metschnikowia_bicuspidata_var._bicuspidata,Saccharomycetales
Metschnikowia_borealis,Saccharomycetales
Metschnikowia_bowlesiae,Saccharomycetales
Metschnikowia_cerradonensis,Saccharomycetales
Metschnikowia_continentalis,Saccharomycetales
Metschnikowia_dekortorum,Saccharomycetales
Metschnikowia_drakensbergensis,Saccharomycetales
Metschnikowia_hamakuensis,Saccharomycetales
Metschnikowia_hawaiiensis,Saccharomycetales
Metschnikowia_hibisci,Saccharomycetales
Metschnikowia_ipomoeae,Saccharomycetales
Metschnikowia_kamakouana,Saccharomycetales
Metschnikowia_kipukae,Saccharomycetales
Metschnikowia_lochheadii,Saccharomycetales
Metschnikowia_matae_var._maris,Saccharomycetales
Metschnikowia_matae_var._matae,Saccharomycetales
Metschnikowia_mauinuiana,Saccharomycetales
Metschnikowia_proteae,Saccharomycetales
Metschnikowia_santaceciliae,Saccharomycetales
Metschnikowia_shivogae,Saccharomycetales
Metschnikowia_similis,Saccharomycetales
Meyerozyma_caribbica,Saccharomycetales
Meyerozyma_guilliermondii,Saccharomycetales
Middelhovenomyces_tepae,Saccharomycetales
Millerozyma_acaciae,Saccharomycetales
Nadsonia_fulvescens_var._elongata,Saccharomycetales
Nadsonia_fulvescens_var._fulvescens,Saccharomycetales
Nakaseomyces_bacillisporus,Saccharomycetales
Nakaseomyces_delphensis,Saccharomycetales
Nakazawaea_holstii,Saccharomycetales
Nakazawaea_peltata,Saccharomycetales
Naumovozyma_castellii,Saccharomycetales
Naumovozyma_dairenensis,Saccharomycetales
Ogataea_glucozyma,Saccharomycetales
Ogataea_henricii,Saccharomycetales
Ogataea_kodamae,Saccharomycetales
Ogataea_methanolica,Saccharomycetales
Ogataea_methylivora,Saccharomycetales
Ogataea_minuta,Saccharomycetales
Ogataea_naganishii,Saccharomycetales
Ogataea_nitratoaversa,Saccharomycetales
Ogataea_nonfermentans,Saccharomycetales
Ogataea_parapolymorpha,Saccharomycetales
Ogataea_philodendri,Saccharomycetales
Ogataea_pilisensis,Saccharomycetales
Ogataea_pini,Saccharomycetales
Ogataea_polymorpha,Saccharomycetales
Ogataea_populialbae,Saccharomycetales
Ogataea_ramenticola,Saccharomycetales
Ogataea_trehaloabstinens,Saccharomycetales
Ogataea_trehalophila,Saccharomycetales
Ogataea_zsoltii,Saccharomycetales
Pachysolen_tannophilus,Saccharomycetales
Peterozyma_toletana,Saccharomycetales
Peterozyma_xylosa,Saccharomycetales
Phaffomyces_antillensis,Saccharomycetales
Phaffomyces_opuntiae,Saccharomycetales
Phaffomyces_thermotolerans,Saccharomycetales
Pichia_exigua,Saccharomycetales
Pichia_heedii,Saccharomycetales
Pichia_kudriavzevii,Saccharomycetales
Pichia_membranifaciens,Saccharomycetales
Pichia_nakasei,Saccharomycetales
Pichia_norvegensis,Saccharomycetales
Pichia_occidentalis,Saccharomycetales
Pichia_terricola,Saccharomycetales
Priceomyces_carsonii,Saccharomycetales
Priceomyces_castillae,Saccharomycetales
Priceomyces_haplophilus,Saccharomycetales
Priceomyces_medius,Saccharomycetales
Saccharomyces_arboricola,Saccharomycetales
Saccharomyces_cerevisiae,Saccharomycetales
Saccharomyces_eubayanus,Saccharomycetales
Saccharomyces_kudriavzevii,Saccharomycetales
Saccharomyces_mikatae,Saccharomycetales
Saccharomyces_paradoxus,Saccharomycetales
Saccharomyces_uvarum,Saccharomycetales
Saccharomycopsis_capsularis,Saccharomycetales
Saccharomycopsis_malanga,Saccharomycetales
Magnusiomyces_clavatus,Saccharomycetales
Saturnispora_dispora,Saccharomycetales
Saturnispora_hagleri,Saccharomycetales
Saturnispora_mendoncae,Saccharomycetales
Saturnispora_saitoi,Saccharomycetales
Saturnispora_serradocipensis,Saccharomycetales
Saturnispora_silvae,Saccharomycetales
Saturnispora_zaruensis,Saccharomycetales
Scheffersomyces_lignosus,Saccharomycetales
Scheffersomyces_stipitis,Saccharomycetales
Spathaspora_arborariae,Saccharomycetales
Spathaspora_girioi,Saccharomycetales
Spathaspora_gorwiae,Saccharomycetales
Spathaspora_hagerdaliae,Saccharomycetales
Spathaspora_passalidarum,Saccharomycetales
Spencermartinsiella_europaea,Saccharomycetales
Sporopachydermia_lactativora,Saccharomycetales
Sporopachydermia_quercuum,Saccharomycetales
Starmera_amethionina,Saccharomycetales
Starmera_quercuum,Saccharomycetales
Starmerella_apicola,Saccharomycetales
Starmerella_bombicola,Saccharomycetales
Sugiyamaella_lignohabitans,Saccharomycetales
Suhomyces_canberraensis,Saccharomycetales
Suhomyces_emberorum,Saccharomycetales
Suhomyces_pyralidae,Saccharomycetales
Suhomyces_tanzawaensis,Saccharomycetales
Tetrapisispora_blattae,Saccharomycetales
Tetrapisispora_fleetii,Saccharomycetales
Tetrapisispora_iriomotensis,Saccharomycetales
Tetrapisispora_namnaonensis,Saccharomycetales
Tetrapisispora_phaffii,Saccharomycetales
Teunomyces_cretensis,Saccharomycetales
Teunomyces_gatunensis,Saccharomycetales
Teunomyces_kruisii,Saccharomycetales
Tortispora_caseinolytica,Saccharomycetales
Tortispora_ganteri,Saccharomycetales
Tortispora_starmeri,Saccharomycetales
Torulaspora_delbrueckii,Saccharomycetales
Torulaspora_franciscae,Saccharomycetales
Torulaspora_maleeae,Saccharomycetales
Torulaspora_microellipsoides,Saccharomycetales
Torulaspora_pretoriensis,Saccharomycetales
Trigonopsis_variabilis,Saccharomycetales
Trigonopsis_vinaria,Saccharomycetales
Vanderwaltozyma_polyspora,Saccharomycetales
Wickerhamia_fluorescens,Saccharomycetales
Wickerhamiella_cacticola,Saccharomycetales
Wickerhamiella_domercqiae,Saccharomycetales
Wickerhamiella_infanticola,Saccharomycetales
Wickerhamiella_versatilis,Saccharomycetales
Wickerhamomyces_alni,Saccharomycetales
Wickerhamomyces_anomalus,Saccharomycetales
Wickerhamomyces_bovis,Saccharomycetales
Wickerhamomyces_canadensis,Saccharomycetales
Wickerhamomyces_ciferrii,Saccharomycetales
Wickerhamomyces_hampshirensis,Saccharomycetales
Wickerhamomyces_sp._YB_2243,Saccharomycetales
Yamadazyma_nakazawae,Saccharomycetales
Yamadazyma_philogaea,Saccharomycetales
Yamadazyma_scolyti,Saccharomycetales
Yamadazyma_tenuis,Saccharomycetales
Yarrowia_bubula,Saccharomycetales
Yarrowia_deformans,Saccharomycetales
Yarrowia_divulgata,Saccharomycetales
Yarrowia_keelungensis,Saccharomycetales
Yarrowia_lipolytica,Saccharomycetales
Yueomyces_sinensis,Saccharomycetales
Zygoascus_meyerae,Saccharomycetales
Zygoascus_ofunaensis,Saccharomycetales
Zygosaccharomyces_bailii,Saccharomycetales
Zygosaccharomyces_bisporus,Saccharomycetales
Zygosaccharomyces_kombuchaensis,Saccharomycetales
Zygosaccharomyces_rouxii,Saccharomycetales
Zygotorulaspora_florentina,Saccharomycetales
Zygotorulaspora_mrakii,Saccharomycetales
Neolecta_irregularis,Neolectales
Pneumocystis_jirovecii,Pneumocystidales
Pneumocystis_carinii,Pneumocystidales
Pneumocystis_murina,Pneumocystidales
Schizosaccharomyces_japonicus,Schizosaccharomycetales
Schizosaccharomyces_octosporus,Schizosaccharomycetales
Schizosaccharomyces_cryophilus,Schizosaccharomycetales
Taphrina_populina,Taphrinales
Protomyces_lactucaedebilis,Taphrinales
Schizosaccharomyces_pombe,Schizosaccharomycetales
Taphrina_wiesneri,Taphrinales
Taphrina_flavorubra,Taphrinales
Taphrina_deformans,Taphrinales
Saitoella_complicata,no_rank
Pleurotus_eryngii,Agaricales
Cutaneotrichosporon_mucoides,Trichosporonales
Mycena_citricolor,Agaricales
Cutaneotrichosporon_cutaneum,Trichosporonales
Puccinia_novopanici,Pucciniales
Rhodotorula_toruloides,Sporidiobolales
Rhodotorula_sp._FNED722,Sporidiobolales
Pleurotus_salmoneostramineus,Agaricales
Melampsora_aecidioides,Pucciniales
Moniliella_sp._wahieum,Moniliellales
Rhizopogon_fuscorubens,Boletales
Hypsizygus_marmoreus,Agaricales
Postia_placenta,Polyporales
Trichosporon_inkin,Trichosporonales
Rhizopogon_villosulus,Boletales
Coprinellus_micaceus,Agaricales
Gomphus_sp._MG54,Gomphales
Trametes_villosa,Polyporales
Amanita_pseudoporphyria,Agaricales
Puccinia_hordei,Pucciniales
Amanita_bisporigera,Agaricales
Russula_griseocarnosa,Russulales
Exidia_glandulosa,Auriculariales
Melampsora_alliipopulina,Pucciniales
Cantharellus_cibarius,Cantharellales
Chroogomphus_rutilus,Boletales
Leucoagaricus_gongylophorus,Agaricales
Malassezia_sp.,Malasseziales
Auriculariopsis_ampla,Agaricales
Austropuccinia_psidii,Pucciniales
Ganoderma_australe,Polyporales
Termitomyces_eurrhizus,Agaricales
Ganoderma_sp._BRIUMSc,Polyporales
Boletus_subvelutipes,Boletales
Ganoderma_boninense,Polyporales
Lentinula_edodes,Agaricales
Limonomyces_culmigenus,Corticiales
Basidioascus_undulatus,Geminibasidiales
Hymenopellis_radicata,Agaricales
Chiua_virens,Boletales
Tylopilus_plumbeoviolaceoides,Boletales
Melampsora_medusae,Pucciniales
Tricholoma_sp._MG77,Agaricales
Irpex_lacteus,Polyporales
Malassezia_yamatoensis,Malasseziales
Rhizopogon_sp._AM2018a,Boletales
Grifola_frondosa,Polyporales
Russula_foetens,Russulales
Tulasnella_calospora,Cantharellales
Thelephora_aurantiotincta,Thelephorales
Cantharellus_cinnabarinus,Cantharellales
Hemileia_vastatrix,Pucciniales
Malassezia_obtusa,Malasseziales
Mycena_chlorophos,Agaricales
Russula_abietina,Russulales
Lepista_sordida,Agaricales
Uromyces_viciaefabae,Pucciniales
Lactifluus_rugatus,Russulales
Termitomyces_sp._MG148,Agaricales
Cantharellus_appalachiensis,Cantharellales
Cantharellus_lutescens,Cantharellales
Crepidotus_sp._BD2015,Agaricales
Sphaerobolus_stellatus,Geastrales
Lactarius_piperatus,Russulales
Clavaria_fumosa,Agaricales
Hericium_coralloides,Russulales
Melampsora_occidentalis,Pucciniales
Pleurotus_tuoliensis,Agaricales
Pulveroboletus_ravenelii,Boletales
Rhizopogon_parksii,Boletales
Phellinus_lamaoensis,Hymenochaetales
Pleurotus_citrinopileatus,Agaricales
Lactarius_sp._MG50,Russulales
Laetiporus_sulphureus,Polyporales
Macrocystidia_cucumis,Agaricales
Boletus_edulis,Boletales
Lactifluus_pinguis,Russulales
Termitomyces_sp._MG16,Agaricales
Rhizopogon_hawkerae,Boletales
Tilletia_indica,Tilletiales
Cutaneotrichosporon_daszewskae,Trichosporonales
Dendrothele_bispora,Agaricales
Gomphus_bonarii,Gomphales
Malassezia_caprae,Malasseziales
Russula_sp._MG48,Russulales
Suillus_sp._MG131,Boletales
Collybia_sp._MG36,Agaricales
Hymenopellis_chiangmaiae,Agaricales
Rhizopogon_salebrosus,Boletales
Amanita_brunnescens,Agaricales
Armillaria_fuscipes,Agaricales
Malassezia_nana,Malasseziales
Naematelia_encephala,Tremellales
Fibularhizoctonia_sp._CBS_109695,Atheliales
Holtermanniella_nyarrowii,Holtermanniales
Lepiota_venenata,Agaricales
Malassezia_sympodialis,Malasseziales
Rhizoctonia_solani,Cantharellales
Suillus_placidus,Boletales
Tricholoma_terreum,Agaricales
Hericium_alpestre,Russulales
Lactarius_hatsudake,Russulales
Ramaria_sp._MG151,Gomphales
Tricholoma_sp._MG99,Agaricales
Lactifluus_hygrophoroides,Russulales
Neoboletus_brunneissimus,Boletales
Retiboletus_ornatipes,Boletales
Albatrellus_sp._MG142,Russulales
Ganoderma_tsugae,Polyporales
Lentinus_polychrous,Polyporales
Macrolepiota_dolichaula,Agaricales
Malassezia_pachydermatis,Malasseziales
Suillus_alpinus,Boletales
Boletus_sp._MG55,Boletales
Ceraceosorus_bombacis,Ceraceosorales
Baeospora_myosura,Agaricales
Malassezia_dermatis,Malasseziales
Malassezia_equina,Malasseziales
Quambalaria_eucalypti,Microstromatales
Russula_aff._compacta,Russulales
Schizophyllum_commune,Agaricales
Tilletia_caries,Tilletiales
Tricholoma_saponaceum,Agaricales
Hygrophorus_pudorinus,Agaricales
Hygrophorus_russula,Agaricales
Malassezia_cuniculi,Malasseziales
Malassezia_japonica,Malasseziales
Porodaedalea_pini,Hymenochaetales
Serendipita_vermifera,Sebacinales
Stropharia_rugosoannulata,Agaricales
Boletus_sp._MG95,Boletales
Kockovaella_imperatae,Tremellales
Lactarius_indigo,Russulales
Puccinia_triticina,Pucciniales
Trametes_sanguinea,Polyporales
Auricularia_polytricha,Auriculariales
Chondrostereum_purpureum,Agaricales
Floccularia_luteovirens,Agaricales
Lactarius_echinatus,Russulales
Megacollybia_marginata,Agaricales
Phanerochaete_chrysosporium,Polyporales
Solicoccozyma_terricola,Filobasidiales
Trichosporon_akiyoshidainum,Trichosporonales
Bondarzewia_mesenterica,Russulales
Coprinus_comatus,Agaricales
Cronartium_ribicola,Pucciniales
Fomitopsis_palustris,Polyporales
Malassezia_vespertilionis,Malasseziales
Paxillus_involutus,Boletales
Pisolithus_microcarpus,Boletales
Rhizopogon_vulgaris,Boletales
Boletus_bicolor,Boletales
Boletus_speciosus,Boletales
Gloeostereum_incarnatum,Agaricales
Malassezia_slooffiae,Malasseziales
Mixia_osmundae,Mixiales
Phaeotremella_fagi,Tremellales
Dioszegia_crocea,Tremellales
Flammulina_velutipes,Agaricales
Heterobasidion_annosum,Russulales
Leucoagaricus_sp._SymC.cos,Agaricales
Pisolithus_tinctorius,Boletales
Pleurotus_platypus,Agaricales
Ramaria_cf._rubripermanens,Gomphales
Sarcodon_sp._MG97,Thelephorales
Tilletia_controversa,Tilletiales
Agaricus_bisporus,Agaricales
Albatrellus_ellisii,Russulales
Filobasidium_wieringae,Filobasidiales
Tilletia_laevis,Tilletiales
Ustilago_hordei,Ustilaginales
Auricularia_cornea,Auriculariales
Cutaneotrichosporon_cyanovorans,Trichosporonales
Sarcodon_aspratus,Thelephorales
Volvariella_volvacea,Agaricales
Amanita_phalloides,Agaricales
Apiotrichum_brassicae,Trichosporonales
Butyriboletus_roseoflavus,Boletales
Caloboletus_calopus,Boletales
Coriolopsis_trogii,Polyporales
Cutaneotrichosporon_oleaginosum,Trichosporonales
Cutaneotrichosporon_arboriformis,Trichosporonales
Lactarius_sp._MG121,Russulales
Pholiota_microspora,Agaricales
Puccinia_sorghi,Pucciniales
Rhodotorula_sp._CCFEE_5036,Sporidiobolales
Solicoccozyma_phenolica,Filobasidiales
Suillus_pictus,Boletales
Cutaneotrichosporon_curvatum,Trichosporonales
Meira_nashicola,Exobasidiales
Melampsora_abietiscanadensis,Pucciniales
Mrakia_frigida,Cystofilobasidiales
Puccinia_horiana,Pucciniales
Xanthophyllomyces_dendrorhous,Cystofilobasidiales
Dioszegia_aurantiaca,Tremellales
Gymnopilus_dilepis,Agaricales
Lactarius_trivialis,Russulales
Rhodotorula_kratochvilovae,Sporidiobolales
Serendipita_indica,Sebacinales
Takashimella_tepidaria,Trichosporonales
Tremella_mesenterica,Tremellales
Wallemia_mellicola,Wallemiales
Kwoniella_pini,Tremellales
Lactarius_deliciosus,Russulales
Omphalotus_olearius,Agaricales
Phaffia_rhodozyma,Cystofilobasidiales
Rhizopogon_rudus,Boletales
Agrocybe_cylindracea,Agaricales
Ceraceosorus_guamensis,Ceraceosorales
Ceratobasidium_theobromae,Cantharellales
Golubevia_pallescens,Golubeviales
Lactarius_volemus,Russulales
Phellinidium_pouzarii,Hymenochaetales
Tremella_fuciformis,Tremellales
Tricholoma_flavovirens,Agaricales
Amanita_jacksonii,Agaricales
Auricularia_heimuer,Auriculariales
Fistulina_hepatica,Agaricales
Hydnomerulius_pinastri,Boletales
Malassezia_globosa,Malasseziales
Malassezia_restricta,Malasseziales
Neoboletus_magnificus,Boletales
Rhizopogon_vesiculosus,Boletales
Rickenella_mellea,Hymenochaetales
Termitomyces_sp._JCM_13351,Agaricales
Trametes_cinnabarina,Polyporales
Cryptococcus_depauperatus,Tremellales
Cryptococcus_gattii_VGII,Tremellales
Galerina_marginata,Agaricales
Hebeloma_cylindrosporum,Agaricales
Meira_miltonrushii,Exobasidiales
Melampsora_laricipopulina,Pucciniales
Mrakia_psychrophila,Cystofilobasidiales
Naganishia_albida,Filobasidiales
Russula_virescens,Russulales
Sistotremastrum_niveocremeum,Trechisporales
Termitomyces_heimii,Agaricales
Cryptococcus_sp._DSM_27421,Tremellales
Dentipellis_fragilis,Russulales
Fomitopsis_rosea,Polyporales
Glaciozyma_antarctica,Kriegeriales
Gloeophyllum_trabeum,Gloeophyllales
Mrakia_blollopis,Cystofilobasidiales
Pascua_guehoae,Trichosporonales
Paxillus_rubicundulus,Boletales
Pyrrhoderma_noxium,Hymenochaetales
Schizopora_paradoxa,Hymenochaetales
Sistotremastrum_suecicum,Trechisporales
Tilletiopsis_washingtonensis,Entylomatales
Tricholoma_bakamatsutake,Agaricales
Wallemia_ichthyophaga,Wallemiales
Amanita_thiersii,Agaricales
Cutaneotrichosporon_dermatis,Trichosporonales
Leucosporidium_scottii,Leucosporidiales
Lyophyllum_shimeji,Agaricales
Moniliophthora_roreri,Agaricales
Papiliotrema_laurentii,Tremellales
Piloderma_croceum,Atheliales
Psathyrella_aberdarensis,Agaricales
Russula_lepida,Russulales
Sparassis_latifolia,Polyporales
Suillus_luteus,Boletales
Tricholoma_matsutake,Agaricales
Agaricales_sp._HM26F1,Agaricales
Apiotrichum_domesticum,Trichosporonales
Auricularia_subglabra,Auriculariales
Botryobasidium_botryosum,Cantharellales
Cryptococcus_amylolentus,Tremellales
Cryptococcus_wingfieldii,Tremellales
Gymnopus_luxurians,Agaricales
Jaminaea_rosea,Microstromatales
Kwoniella_shandongensis,Tremellales
Lignosus_rhinocerotis,Polyporales
Papiliotrema_flavescens,Tremellales
Phaeotremella_skinneri,Tremellales
Takashimella_koratensis,Trichosporonales
Tilletiaria_anomala,Georgefischeriales
Apiotrichum_gracile,Trichosporonales
Apiotrichum_montevideense,Trichosporonales
Armillaria_cepistipes,Agaricales
Bullera_alba,Tremellales
Cystobasidium_pallidum,Cystobasidiales
Holtermannia_corniformis,Holtermanniales
Phlebiopsis_gigantea,Polyporales
Pleurotus_ostreatus,Agaricales
Pleurotus_tuberregium,Agaricales
Pluteus_cervinus,Agaricales
Rhodotorula_diobovata,Sporidiobolales
Saitozyma_podzolica,Tremellales
Steccherinum_ochraceum,Polyporales
Termitomyces_sp._MG145,Agaricales
Violaceomyces_palustris,Violaceomycetales
Amanita_inopinata,Agaricales
Armillaria_gallica,Agaricales
Armillaria_ostoyae,Agaricales
Cryptococcus_sp._JCM_24511,Tremellales
Cystobasidiopsis_lactophilus,Agaricostilbales
Dacryopinax_primogenitus,Dacrymycetales
Erythrobasidium_yunnanense,Erythrobasidiales
Ganoderma_sinense,Polyporales
Jaapia_argillacea,Jaapiales
Kwoniella_dejecticola,Tremellales
Microbotryum_lychnidisdioicae,Microbotryales
Microbotryum_silenesacaulis,Microbotryales
Phlebia_centrifuga,Polyporales
Rhizopogon_vinicolor,Boletales
Rhodotorula_taiwanensis,Sporidiobolales
Sanghuangporus_baumii,Hymenochaetales
Termitomyces_sp._J132,Agaricales
Tilletia_horrida,Tilletiales
Tilletia_walkeri,Tilletiales
Xerocomus_impolitus,Boletales
Acaromyces_ingoldii,Exobasidiales
Amanita_polypyramis,Agaricales
Armillaria_solidipes,Agaricales
Crucibulum_laeve,Agaricales
Cylindrobasidium_torrendii,Agaricales
Fibroporia_radiculosa,Polyporales
Leucosporidium_creatinivorum,Leucosporidiales
Microbotryum_saponariae,Microbotryales
Microbotryum_silenesdioicae,Microbotryales
Phanerochaete_carnosa,Polyporales
Polyporus_arcularius,Polyporales
Pseudomicrostroma_glucosiphilum,Microstromatales
Psilocybe_cyanescens,Agaricales
Punctularia_strigosozonata,Corticiales
Salmacisia_buchloeana,Tilletiales
Scleroderma_citrinum,Boletales
Sparassis_crispa,Polyporales
Sporidiobolus_salmonicolor,Sporidiobolales
Calocera_viscosa,Dacrymycetales
Coniophora_puteana,Boletales
Cryptococcus_cf._gattii,Tremellales
Cryptococcus_gattii_VGIII,Tremellales
Cryptococcus_gattii_VGIV,Tremellales
Ganoderma_lucidum,Polyporales
Hypholoma_sublateritium,Agaricales
Kwoniella_mangrovensis,Tremellales
Laccaria_amethystina,Agaricales
Laccaria_bicolor,Agaricales
Microbotryum_violaceum,Microbotryales
Rhodotorula_paludigena,Sporidiobolales
Sporisorium_scitamineum,Ustilaginales
Stereum_hirsutum,Russulales
Trametes_pubescens,Polyporales
Trichosporon_asahii,Trichosporonales
Trichosporon_faecale,Trichosporonales
Calocera_cornea,Dacrymycetales
Cryptococcus_gattii_VGI,Tremellales
Fomitiporia_mediterranea,Hymenochaetales
Grammothele_lineata,Polyporales
Kwoniella_bestiolae,Tremellales
Lentinus_tigrinus,Polyporales
Lyophyllum_decastes,Agaricales
Neolentinus_lepideus,Gloeophyllales
Peniophora_sp._CONT,Russulales
Phlebopus_portentosus,Boletales
Polyporus_brumalis,Polyporales
Pterula_gracilis,Agaricales
Serpula_lacrymans,Boletales
Symmetrospora_coprosmae,no_rank
Taiwanofungus_camphoratus,Polyporales
Wolfiporia_cocos,Polyporales
Apiotrichum_laibachii,Trichosporonales
Coprinopsis_marcescibilis,Agaricales
Fomitopsis_pinicola,Polyporales
Heterobasidion_parviporum,Russulales
Kwoniella_heveanensis,Tremellales
Microbotryum_intermedium,Microbotryales
Panaeolus_cyanescens,Agaricales
Peniophora_sp._CBMAI_1063,Russulales
Plicaturopsis_crispa,Amylocorticiales
Prillingera_fragicola,Trichosporonales
Rhodotorula_graminis,Sporidiobolales
Rhodotorula_mucilaginosa,Sporidiobolales
Tinctoporellus_epimiltinus,Polyporales
Wallemia_hederae,Wallemiales
Apiotrichum_gamsii,Trichosporonales
Auricularia_auriculajudae,Auriculariales
Dichomitus_squalens,Polyporales
Gelatoporia_subvermispora,Polyporales
Obba_rivulosa,Polyporales
Pleurotus_ostreatoroseus,Agaricales
Trametes_hirsuta,Polyporales
Trametes_versicolor,Polyporales
Ustilago_xerochloae,Ustilaginales
Anthracocystis_flocculosa,Ustilaginales
Apiotrichum_porosum,Trichosporonales
Coniferiporia_sulphurascens,Hymenochaetales
Coprinopsis_strossmayeri,Agaricales
Cryptococcus_neoformans,Tremellales
Daedalea_quercina,Polyporales
Heliocybe_sulcata,Gloeophyllales
Heterobasidion_irregulare,Russulales
Pseudozyma_hubeiensis,Ustilaginales
Testicularia_cyperi,Ustilaginales
Thecaphora_thlaspeos,Urocystidales
Trametes_coccinea,Polyporales
Ustilago_bromivora,Ustilaginales
Ustilago_esculenta,Ustilaginales
Vanrija_humicola,Trichosporonales
Antrodiella_citrinella,Polyporales
Apiotrichum_veenhuisii,Trichosporonales
Coprinopsis_cinerea,Agaricales
Hericium_erinaceus,Russulales
Pseudozyma_sp._F8B2,Ustilaginales
Rhodotorula_sp._JG1b,Sporidiobolales
Trametes_polyzona,Polyporales
Moesziomyces_antarcticus,Ustilaginales
Moesziomyces_aphidis,Ustilaginales
Sporisorium_graminicola,Ustilaginales
Trametes_sp._AH282,Polyporales
Kalmanozyma_brasiliensis,Ustilaginales
Sporisorium_iseilematisciliati,Ustilaginales
Ustilago_cynodontis,Ustilaginales
Ustilago_tritici,Ustilaginales
Pseudozyma_tsukubaensis,Ustilaginales
Sporisorium_reilianum,Ustilaginales
Ustilago_vetiveriae,Ustilaginales
Dentipellis_sp._KUC8613,Russulales
Moesziomyces_sp._F16C1,Ustilaginales
Moesziomyces_sp._F5C1,Ustilaginales
Ustilago_maydis,Ustilaginales
Allomyces_macrogynus,Blastocladiales
Catenaria_anguillulae,Blastocladiales
Blyttiomyces_helicus,no_rank
Neocallimastix_californiae,Neocallimastigales
Rhizoclosmatium_globosum,Chytridiales
Pecoramyces_ruminatium,Neocallimastigales
Piromyces_sp._E2,Neocallimastigales
Chytriomyces_confervae,Chytridiales
Gonapodya_prolifera,Monoblepharidales
Anaeromyces_robustus,Neocallimastigales
Piromyces_finnis,Neocallimastigales
Synchytrium_endobioticum,Synchytriales
Batrachochytrium_salamandrivorans,Rhizophydiales
Homolaphlyctis_polyrhiza,Rhizophydiales
Spizellomyces_punctatus,Spizellomycetales
Batrachochytrium_dendrobatidis,Rhizophydiales
Rhizophlyctis_rosea,Rhizophlyctidales
Spizellomyces_sp._palustris,Spizellomycetales
Synchytrium_microbalum,Synchytriales
Powellomyces_hirtus,Spizellomycetales
Caulochytrium_protostelioides,Caulochytriales
Rozella_allomycis,no_rank
Paramicrosporidium_saccamoebae,no_rank
Encephalitozoon_cuniculi,no_rank
Hamiltosporidium_tvaerminnensis,no_rank
Tubulinosema_ratisbonensis,no_rank
Nosema_apis,no_rank
Metchnikovella_incurvata,no_rank
Hamiltosporidium_magnivora,no_rank
Enterospora_canceri,no_rank
Nematocida_parisii,no_rank
Nematocida_sp._ERTm5,no_rank
Nematocida_sp._1,no_rank
Nosema_ceranae,no_rank
Spraguea_lophii,no_rank
Vittaforma_corneae,no_rank
Antonospora_locustae,no_rank
Ordospora_colligata,no_rank
Trachipleistophora_hominis,no_rank
Amphiamblys_sp._WSBS2006,no_rank
Encephalitozoon_romaleae,no_rank
Edhazardia_aedis,no_rank
Encephalitozoon_intestinalis,no_rank
Nematocida_displodere,no_rank
Vavraia_culicis,no_rank
Encephalitozoon_hellem,no_rank
Mucor_racemosus,Mucorales
Rhizopus_azygosporus,Mucorales
Jimgerdemannia_lactiflua,Endogonales
Absidia_repens,Mucorales
Lichtheimia_ramosa,Mucorales
Rhizopus_oryzae,Mucorales
Rhizopus_delemar,Mucorales
Absidia_glauca,Mucorales
Jimgerdemannia_flammicorona,Endogonales
Rhizopus_stolonifer,Mucorales
Mucor_indicus,Mucorales
Lichtheimia_corymbifera,Mucorales
Endogone_sp._FLASF59071,Endogonales
Mucor_circinelloides,Mucorales
Mucor_velutinosus,Mucorales
Apophysomyces_elegans,Mucorales
Mortierella_alpina,Mortierellales
Rhizomucor_miehei,Mucorales
Choanephora_cucurbitarum,Mucorales
Cokeromyces_recurvatus,Mucorales
Parasitella_parasitica,Mucorales
Mucor_irregularis,Mucorales
Apophysomyces_trapeziformis,Mucorales
Apophysomyces_variabilis,Mucorales
Phycomyces_blakesleeanus,Mucorales
Saksenaea_vasiformis,Mucorales
Actinomucor_elegans,Mucorales
Saksenaea_oblongispora,Mucorales
Rhizomucor_pusillus,Mucorales
Mortierella_elongata,Mortierellales
Mucor_ambiguus,Mucorales
Hesseltinella_vesiculosa,Mucorales
Syncephalastrum_monosporum,Mucorales
Gongronella_sp._w5,Mucorales
Cunninghamella_elegans,Mucorales
Lobosporangium_transversale,Mortierellales
Thermomucor_indicaeseudaticae,Mucorales
Mortierella_verticillata,Mortierellales
Cunninghamella_bertholletiae,Mucorales
Gigaspora_rosea,Diversisporales
Syncephalastrum_racemosum,Mucorales
Umbelopsis_isabellina,Umbelopsidales
Diversispora_epigaea,Diversisporales
Bifiguratus_adelaidae,Endogonales
Rhizophagus_irregularis,Glomerales
Rhizophagus_clarus,Glomerales
Oehlia_diaphana,Glomerales
Rhizophagus_sp._MUCL_43196,Glomerales
Glomus_cerebriforme,Glomerales
Basidiobolus_meristosporus,Basidiobolales
Piptocephalis_cylindrospora,Zoopagales
Basidiobolus_heterosporus,Basidiobolales
Smittium_culicis,Harpellales
Syncephalis_pseudoplumigaleata,Zoopagales
Zoophagus_insidians,Zoopagales
Furculomyces_boomerangus,Harpellales
Smittium_angustum,Harpellales
Smittium_megazygosporum,Harpellales
Zancudomyces_culisetae,Harpellales
Zoopage_sp._CTAll,Zoopagales
Linderina_pennispora,Kickxellales
Smittium_mucronatum,Harpellales
Smittium_simulii,Harpellales
Thamnocephalis_sphaerospora,Zoopagales
Cochlonema_odontosperma,Zoopagales
Entomophthora_muscae,Entomophthorales
Conidiobolus_coronatus,Entomophthorales
Acaulopage_tetraceros,Zoopagales
Capniomyces_stellatus,Harpellales
Dimargaris_cristalligena,Dimargaritales
Coemansia_reversa,Kickxellales
Fonticula_alba,Fonticula_alba
Fonticula_like_sp_SCN_57_25,Fonticula_like_sp_SCN_57_25
Capsaspora_owczarzaki_ATCC_30864,Capsaspora_owczarzaki_ATCC_30864
Corallochytrium_limacisporum,Corallochytrium_limacisporum
Creolimax_fragrantissima,Creolimax_fragrantissima
Ichthyophonus_hoferi,Ichthyophonus_hoferi
Ichthyosporea_sp._XGB_2017a,Ichthyosporea_sp._XGB_2017a
Monosiga_brevicollis_MX1,Monosiga_brevicollis_MX1
Salpingoeca_rosetta,Salpingoeca_rosetta
Sphaeroforma_arctica,Sphaeroforma_arctica
Sphaeroforma_sirkka,Sphaeroforma_sirkka
Strigamia_maritima,Strigamia_maritima
Mnemiopsis_leidyi,Mnemiopsis_leidyi
Helobdella_robusta,Helobdella_robusta
Lingula_anatina,Lingula_anatina
Ixodes_scapularis,Ixodes_scapularis
Branchiostoma_lanceolatum,Branchiostoma_lanceolatum
Capitella_teleta,Capitella_teleta
Trichoplax_adhaerens,Trichoplax_adhaerens
Ciona_intestinalis,Ciona_intestinalis
Daphnia_pulex,Daphnia_pulex
Nematostella_vectensis,Nematostella_vectensis
Octopus_bimaculoides,Octopus_bimaculoides
Lottia_gigantea,Lottia_gigantea
Mus_musculus,Mus_musculus
Drosophila_melanogaster,Drosophila_melanogaster
Strongylocentrotus_purpuratus,Strongylocentrotus_purpuratus
Amphimedon_queenslandica,Amphimedon_queenslandica
